index,Country,Family,Freedom,Generosity,Happiness Rank,Happiness Score,Year,country_code,fertility_rate_15_19,fertility_rate_20_24,fertility_rate_25_29,fertility_rate_30_34,fertility_rate_35_39,fertility_rate_40_44,fertility_rate_45_49,total_fertility_rate,gross_reproduction_rate,sex_ratio_at_birth,fertility_rate_avg,Latitude,Longitude
0,Switzerland,1.34951,0.66557,0.29678,1,7.587,2015,SZ,3.1,31.1,80.6,113,67.1,13.6,0.8,1.5463,0.751,1.059,38.11666667,46.818188,8.227512
1,Iceland,1.40223,0.62877,0.4363,2,7.561,2015,IC,10.9,75.7,139.9,113.8,45,13.4,6.1,2.02,0.9875,1.0456,44.15,64.963051,-19.020835
2,Denmark,1.36058,0.64938,0.34139,3,7.527,2015,DA,3.4,34.4,110.6,123.8,57.5,11,0.6,1.7138,0.8349,1.0526,38.45,56.26392,9.501785
3,Norway,1.33095,0.66973,0.34699,4,7.522,2015,NO,6,52.1,118.2,125,59.4,10.4,0.6,1.8586,0.9045,1.0549,42.25,60.472024,8.468946
4,Canada,1.32261,0.63297,0.45811,5,7.427,2015,CA,13.7,53.1,101.7,101.2,41.6,7.1,0.3,1.5941,0.7752,1.0563,36.16666667,56.130366,-106.346771
5,Finland,1.31826,0.64169,0.23351,6,7.406,2015,FI,7.3,50.9,105.7,114.6,58.5,13.1,0.6,1.7502,0.8554,1.046,40.83333333,61.92411,25.748151
6,Netherlands,1.28017,0.61576,0.4761,7,7.378,2015,NL,3.9,33.7,103.9,137.6,65.9,10.7,0.4,1.7806,0.8682,1.051,42.03333333,52.132633,5.291266
7,Sweden,1.28907,0.6598,0.36262,8,7.364,2015,SW,3.5,41.5,103.5,133.9,76,16.8,1.2,1.883,0.9152,1.0575,45.48333333,60.128161,18.643501
8,New Zealand,1.31967,0.63938,0.47501,9,7.286,2015,NZ,27.8,70.8,107.6,124.7,63.5,12.3,0.6,2.0383,0.9953,1.048,49.95,-40.900557,174.885971
9,Australia,1.30923,0.65124,0.43562,10,7.284,2015,AS,16.5,52.9,96.6,116.9,59,11.3,0.5,1.7687,0.8607,1.055,42.85,-25.274398,133.775136
10,Israel,1.22393,0.41319,0.33172,11,7.278,2015,IS,14.9,104.1,167.6,148.8,78.7,20.1,1.8,2.68,1.3073,1.05,61.4,31.046051,34.851612
11,Costa Rica,1.23788,0.63376,0.25497,12,7.226,2015,CS,56.2,102.6,103.1,72.3,33.4,9.8,1,1.9028,0.9282,1.05,45.88333333,9.748917,-83.753428
12,Austria,1.29704,0.62433,0.33088,13,7.2,2015,AU,8.7,45.2,89.4,92.4,47,8.7,0.5,1.4583,0.7103,1.053,33.75,47.516231,14.550072
13,Mexico,0.91451,0.48181,0.14074,14,7.187,2015,MX,55.7,122.6,121.9,91.2,46.1,14.5,2.2,2.2711,1.1079,1.05,55.38333333,23.634501,-102.552784
14,United States,1.24711,0.54604,0.40105,15,7.119,2015,US,32.26,83.65,106.14,93.05,47.47,10.36,0.68,1.868340152,-9,-9,44.57833333,37.09024,-95.712891
15,Brazil,1.23287,0.49049,0.14574,16,6.983,2015,BR,25.8,78,114.9,87,34.8,11.6,1.8,1.77,0.8634,1.05,39.83333333,-14.235004,-51.92528
16,Luxembourg,1.21963,0.61583,0.28034,17,6.946,2015,LU,5.3,33.7,88.5,112.9,67,14.3,0.7,1.6114,0.7829,1.0581,38.98333333,49.815273,6.129583
17,Ireland,1.36948,0.61777,0.45901,18,6.94,2015,EI,17.6,51.8,86.1,129.9,94.4,17.6,1,1.9919,0.9684,1.057,52.05,53.41291,-8.24389
18,Belgium,1.28566,0.5845,0.2225,19,6.937,2015,BE,9,54.6,124.2,113.4,47.4,8.6,0.4,1.7838,0.8706,1.049,38.9,50.503887,4.469936
19,United Arab Emirates,1.12575,0.64157,0.26428,20,6.901,2015,AE,20.9,77.3,86.3,75.1,54.6,29.1,11.7,1.7754,0.8619,1.0599,44.78333333,23.424076,53.847818
20,United Kingdom,1.28548,0.59625,0.51912,21,6.867,2015,UK,24.7,70.7,102.9,111.6,56.9,10.8,0.6,1.8914,0.9218,1.0519,45.88333333,55.378051,-3.435973
21,Oman,1.08182,0.63274,0.21542,22,6.853,2015,MU,37.2,115.5,159,134,73.8,34.5,16.9,2.8552,1.3928,1.05,68.65,21.512583,55.923255
22,Venezuela,1.25596,0.42908,0.05841,23,6.81,2015,VE,85.7,120.8,112.4,87.9,47.6,16.8,2.9,2.37,1.1561,1.05,60.28333333,6.42375,-66.58973
23,Singapore,1.02,0.54252,0.31105,24,6.798,2015,SN,3.4,11.4,39.3,65.6,36.1,5.8,0.3,0.8093,0.3904,1.0729,20.43333333,1.352083,103.819836
24,Panama,1.1985,0.5421,0.24434,25,6.786,2015,PM,76.5,129.9,115.9,88.3,44.1,13,2.3,2.35,1.1492,1.0449,59.01666667,8.537981,-80.782127
25,Germany,1.29937,0.61477,0.28214,26,6.75,2015,GM,7.9,43.6,85.3,94.6,46.9,8.7,0.4,1.4354,0.6986,1.0547,33.68333333,51.165691,10.451526
26,Chile,1.12447,0.44132,0.33363,27,6.67,2015,CI,34.1,75.5,105.9,90.3,43.9,12.9,1.3,1.82,0.891,1.0425,43,-35.675147,-71.542969
27,Qatar,1.0786,0.6404,0.32573,28,6.611,2015,QA,12.4,82.8,104.5,90.5,61.4,25.9,4.2,1.9084,0.9428,1.0241,46.2,25.354826,51.183884
28,France,1.26038,0.55011,0.12332,29,6.575,2015,FR,9.4,60.6,134.4,132.4,63,14.8,1,2.078,1.0148,1.0478,46.86666667,46.227638,2.213749
29,Argentina,1.24823,0.44974,0.11451,30,6.574,2015,AR,66.4,109.6,107.1,96.3,59.5,17.9,1.4,2.3,1.1133,1.066,58.51666667,-38.416097,-63.616672
31,Uruguay,1.2089,0.60362,0.2324,32,6.485,2015,UY,19.5,72,120.2,96.7,40.3,13.4,1.9,1.82,0.8937,1.0365,40.63333333,-32.522779,-55.765835
32,Colombia,1.24018,0.53466,0.18401,33,6.477,2015,CO,49.4,97,117,86.6,41.9,14,2,2.04,0.9903,1.06,48.48333333,4.570868,-74.297333
33,Thailand,1.26504,0.55664,0.5763,34,6.455,2015,TH,52.2,108.5,75.7,36.2,18.4,6.3,4.5,1.5084,0.7345,1.0535,37.68333333,15.870032,100.992541
34,Saudi Arabia,1.08393,0.31048,0.13706,35,6.411,2015,SA,2.8,36.8,104.1,110,98.8,57.5,33.4,2.2171,1.0815,1.05,56.55,23.885942,45.079162
35,Spain,1.31379,0.45951,0.18227,36,6.329,2015,SP,13.4,40.9,72.2,100.2,58.5,11.5,0.8,1.4881,0.7206,1.065,37.55,40.463667,-3.74922
36,Malta,1.30203,0.60365,0.51752,37,6.302,2015,MT,11,36.4,85.9,102.9,45.1,8.7,0.3,1.4531,0.7113,1.043,34.06666667,35.937496,14.375416
37,Taiwan,1.07617,0.3974,0.25376,38,6.298,2015,TW,5,28.7,68.6,81,34.9,5,0,1.1158,0.5392,1.0693,25.76666667,23.69781,120.960515
38,Kuwait,1.16594,0.55499,0.16228,39,6.295,2015,KU,14.5,105.3,150.7,121.5,75.3,25.3,4.4,2.4843,1.2138,1.0467,57.71666667,29.31166,47.481766
39,Suriname,0.972,0.59657,0.16991,40,6.269,2015,NS,31.8,83.1,122.9,97,43,13.6,1.6,1.97,0.961,1.05,45.01666667,3.919305,-56.027783
40,Trinidad and Tobago,1.18354,0.55884,0.31844,41,6.168,2015,TD,10.5,63.8,118.3,96.1,38.2,13,2.1,1.7104,0.8433,1.0281,37.28333333,10.691803,-61.222503
41,El Salvador,1.02507,0.4035,0.10692,42,6.13,2015,ES,31,81.9,118,92.6,41.1,15.4,2,1.91,0.9317,1.05,44,13.794185,-88.89653
42,Guatemala,1.04356,0.57733,0.27489,43,6.123,2015,GT,91,168.1,147.3,115.7,68.2,26.7,3,3.1,1.5122,1.05,78.78333333,15.783471,-90.230759
43,Uzbekistan,1.34043,0.65821,0.22837,44,6.003,2015,UZ,10.1,79.1,123.1,95.5,37.2,10.7,4.7,1.788,0.868,1.06,39.55,41.377491,64.585262
44,Slovakia,1.26999,0.31751,0.16893,45,5.995,2015,LO,20.5,50.5,90.4,79.1,32,5.6,0.9,1.394,0.6743,1.0673,31.43333333,48.669026,19.699024
45,Japan,1.25712,0.49615,0.10705,46,5.987,2015,JA,6,42,93.9,92.8,38.9,6.7,0.4,1.4037,0.6827,1.056,31.13333333,36.204824,138.252924
47,Ecuador,0.99903,0.48574,0.11541,48,5.975,2015,EC,41.2,104.4,126.7,101.4,51.7,20.5,4.1,2.25,1.0976,1.05,53.88333333,-1.831239,-78.183406
48,Bahrain,1.21624,0.45492,0.17362,49,5.96,2015,BA,13.1,78.3,115.4,87.3,43.4,16.7,2.2,1.7816,0.8788,1.0273,40.16666667,25.930414,50.637772
49,Italy,1.19777,0.26236,0.22823,50,5.948,2015,IT,7.1,35.4,74.4,95.9,58.5,12.8,0.7,1.426,0.6926,1.059,35.06666667,41.87194,12.56738
50,Bolivia,0.97841,0.57414,0.20536,51,5.89,2015,BL,45.6,120.8,147.4,119.6,74.6,31.3,6.8,2.73,1.3317,1.05,66.45,-16.290154,-63.588653
51,Moldova,1.01528,0.32818,0.20951,52,5.889,2015,MD,28.1,95.1,98.1,59.9,25,5.3,0.4,1.5595,0.7556,1.064,35.63333333,47.411631,28.369885
52,Paraguay,1.30477,0.53899,0.3424,53,5.878,2015,PA,18.5,74.8,126.2,100.9,41.6,16.2,3.8,1.91,0.9317,1.05,42.63333333,-23.442503,-58.443832
53,Kazakhstan,1.12241,0.51649,0.11827,54,5.855,2015,KZ,24.5,125.7,141.1,104.1,51.4,14.5,0.8,2.31,1.1927,0.9368,53.5,48.019573,66.923684
54,Slovenia,1.27385,0.60855,0.25328,55,5.848,2015,SI,4.6,41.8,109.1,105.3,43.4,8.4,0.3,1.5596,0.7583,1.0567,33.96666667,46.151241,14.995463
55,Lithuania,1.25745,0.21342,0.02641,56,5.833,2015,LH,15.9,61.1,109.5,88.8,36.9,7,0.4,1.5866,0.7713,1.057,35.01666667,55.169438,23.881275
56,Nicaragua,1.14184,0.55475,0.27815,57,5.828,2015,NU,33,83.6,120.4,93.6,42.1,13.2,2,1.94,0.9463,1.05,44.58333333,12.865416,-85.207229
57,Peru,0.97459,0.41496,0.14982,58,5.824,2015,PE,37.3,97.6,119.7,102.1,55.9,19.7,3.7,2.18,1.0656,1.0458,52.71666667,-9.189967,-75.015152
58,Belarus,1.23289,0.37938,0.11046,59,5.813,2015,BO,19.6,84,97.9,63.4,24.2,4.8,0.3,1.4711,0.7141,1.06,32.71666667,53.709807,27.953389
59,Poland,1.27948,0.53122,0.16759,60,5.791,2015,PL,13.6,53.5,90.5,71.6,30.3,6.5,0.7,1.3273,0.6445,1.0594,29.36666667,51.919438,19.145136
60,Malaysia,1.07023,0.53024,0.33075,61,5.77,2015,MY,12.9,94.8,165.5,138.7,71.6,23.8,2.8,2.55,1.2322,1.0694,57.43333333,4.210484,101.975766
61,Croatia,0.79624,0.25883,0.05444,62,5.759,2015,HR,10,46.4,88.9,84.1,38.3,8.2,0.5,1.3784,0.6686,1.0615,31.25,45.1,15.2
62,Libya,1.11862,0.41668,0.18295,63,5.754,2015,LY,8.6,60.1,121.5,115.2,69.2,30.6,4.8,2.05,1,1.05,48.08333333,26.3351,17.228331
63,Russia,1.23617,0.36679,0.00199,64,5.716,2015,RS,26.4,84.4,101.4,71,30.4,6.9,0.6,1.6055,0.7794,1.06,36.61666667,61.52401,105.318756
64,Jamaica,1.15102,0.50442,0.2123,65,5.709,2015,JM,58.5,97.7,118,76.6,55,15.4,2.8,2.12,1.0341,1.05,51,18.109581,-77.297508
66,Cyprus,0.89318,0.40672,0.30638,67,5.689,2015,CY,8.9,50.5,105.7,85.9,33.8,6.9,0.8,1.4622,0.7133,1.05,31.13333333,35.126413,33.429859
67,Algeria,1.07772,0.28579,0.07822,68,5.605,2015,AG,16.6,101.4,160.9,143.8,87,39.6,7.4,2.7836,1.3562,1.0524,65.96666667,28.033886,1.659626
68,Kosovo,0.81198,0.24749,0.2831,69,5.589,2015,KV,10.5,84,144.3,117.2,47.6,13.1,1.7,2.0921,1.0045,1.0827,45.68333333,42.602636,20.902977
69,Turkmenistan,1.22668,0.4761,0.16979,70,5.548,2015,TX,15.6,100.8,143.2,101,41.5,13.9,2,2.09,1.0195,1.05,45.8,38.969719,59.556278
70,Mauritius,0.98521,0.56066,0.37744,71,5.477,2015,MP,15.2,74.1,119.2,92.5,37.2,12.1,1.7,1.76,0.8585,1.05,38.8,-20.348404,57.552152
71,Hong Kong,1.05818,0.59608,0.39478,72,5.474,2015,HK,3.1,26,62.3,84.8,50.7,8.5,0.4,1.1789,0.5573,1.1155,28.91666667,22.396428,114.109497
72,Estonia,1.22791,0.44888,0.0868,73,5.429,2015,EN,15.1,58.8,99,88.7,46.6,11.4,0.9,1.5927,0.7777,1.0479,36.91666667,58.595272,25.013607
73,Indonesia,1.08708,0.46611,0.51535,74,5.399,2015,ID,31.5,96,130.8,101,49.6,17.5,3.7,2.15,1.0488,1.05,49.88333333,-0.789275,113.921327
74,Vietnam,0.91226,0.59444,0.1686,75,5.36,2015,VM,19.1,82.3,127.8,89.7,34.1,11.2,1.6,1.83,0.8673,1.11,39.66666667,14.058324,108.277199
75,Turkey,0.94632,0.22815,0.12253,76,5.332,2015,TU,26.5,101.9,128.3,96.4,44,11.3,1.6,2.05,1,1.05,46.95,38.963745,35.243322
76,Kyrgyzstan,1.15115,0.43477,0.3003,77,5.286,2015,KG,26.8,156.7,153.4,113.1,60.3,18.9,2.8,2.66,1.2869,1.067,63.1,41.20438,74.766098
77,Nigeria,0.90432,0.34334,0.27233,78,5.268,2015,NI,107.8,211.8,253.6,211.5,141.6,64,19.8,5.05,2.4515,1.06,126.0833333,9.081999,8.675277
78,Bhutan,1.10395,0.53206,0.47998,79,5.253,2015,BT,17.3,85.1,128.1,97.4,43.6,18.3,4.2,1.97,0.961,1.0499,44.31666667,27.514162,90.433601
79,Azerbaijan,0.93793,0.3703,0.07799,80,5.212,2015,AJ,37.2,135,116,61.7,24,6.4,0.9,1.9057,0.9023,1.1121,44.2,40.143105,47.576927
80,Pakistan,0.41411,0.12102,0.33671,81,5.194,2015,PK,32.6,117.2,166,131.6,66.5,27.9,8.2,2.75,1.3415,1.05,64,30.375321,69.345116
81,Jordan,1.05392,0.40661,0.11053,82,5.192,2015,JO,23.8,125,190.7,163.2,97.9,30.8,3.1,3.1727,1.5401,1.06,73.96666667,30.585164,36.238414
82,Montenegro,0.90557,0.1826,0.1614,82,5.192,2015,MJ,11,67,118.9,99.3,46.1,9.9,1.3,1.7671,0.8417,1.0995,39.1,42.708678,19.37439
83,China,0.94675,0.51697,0.08185,84,5.14,2015,CH,9,60.3,110.5,90,34.9,10.5,5.1,1.6,0.7456,1.146,34.96666667,35.86166,104.195397
84,Zambia,0.91612,0.48827,0.19591,85,5.129,2015,ZA,117,264.2,261.2,223.6,170.8,83.5,23.6,5.72,2.8177,1.03,147.1166667,-13.133897,27.849332
85,Romania,0.88588,0.35068,0.13748,86,5.124,2015,RO,28.4,67.3,84.1,57,22.1,5,1.2,1.3279,0.6446,1.06,30.16666667,45.943161,24.96676
86,Serbia,1.00964,0.20107,0.19231,87,5.123,2015,RI,23.4,77.8,92,64.1,24.2,3.9,0.3,1.4298,0.6924,1.065,32.28333333,44.016521,21.005859
87,Portugal,1.13935,0.51469,0.13719,88,5.102,2015,PO,16.6,44,83.1,80.9,31.9,3.5,0.1,1.3123,0.6418,1.0447,29.5,39.399872,-8.224454
88,Latvia,1.09562,0.29671,0.18226,89,5.098,2015,LG,14.3,54.1,91.9,85.2,44.9,10.8,0.6,1.5029,0.7331,1.0501,34.98333333,56.879635,24.603189
89,Philippines,1.03516,0.62545,0.24991,90,5.073,2015,RP,50.5,146.9,159.8,130.6,81.9,41.3,7.1,3.09,1.5073,1.05,76.38333333,12.879721,121.774017
91,Morocco,0.64095,0.41691,0.07172,92,5.013,2015,MO,21.5,83.7,126.9,110,57.7,22.8,3.3,2.13,1.039,1.05,49.83333333,31.791702,-7.09262
92,Macedonia,1.00232,0.33457,0.22359,93,5.007,2015,MK,14.8,65.1,100.8,78.5,29.2,5.3,0.8,1.4713,0.7088,1.0758,32.28333333,41.6086,21.7453
93,Mozambique,1.02626,0.34037,0.22269,94,4.971,2015,MZ,108.1,210.3,221.5,198.8,155.9,91.8,55.6,5.21,2.583,1.017,136.75,-18.665695,35.529562
94,Albania,0.80434,0.35733,0.14272,95,4.959,2015,AL,10.9,74.6,105,71.5,30.1,7.1,1,1.5008,0.7147,1.1,32.53333333,41.153332,20.168331
95,Bosnia and Herzegovina,0.91916,0.09245,0.24808,96,4.949,2015,BK,14.5,64.8,89.2,60.5,21,4.6,0.9,1.2723,0.614,1.072,27.71666667,43.915886,17.679076
96,Lesotho,1.04103,0.31767,0.16388,97,4.898,2015,LT,28.5,115.1,148.7,123.9,75.8,39.5,12.5,2.7201,1.34,1.03,65.88333333,-29.609988,28.233608
97,Dominican Republic,1.17202,0.57672,0.21684,98,4.885,2015,DR,75,134.5,121.3,83,39.6,11.4,1.2,2.33,1.1422,1.04,57.45,18.735693,-70.162651
98,Laos,0.73803,0.59591,0.42192,99,4.876,2015,LA,49.2,124.7,166,133,66.3,23.6,1.2,2.82,1.3823,1.04,66.33333333,19.85627,102.495496
99,Mongolia,1.3006,0.43626,0.3323,100,4.874,2015,MG,16.8,115.4,131.7,94.6,57.1,17,2.4,2.175,1.061,1.05,50.55,46.862496,103.846656
101,Greece,0.92933,0.07699,0,102,4.857,2015,GR,10.4,55.3,97.9,79.4,30.7,6.9,2.1,1.4151,0.6856,1.064,30.8,39.074208,21.824312
102,Lebanon,0.80001,0.33916,0.21854,103,4.839,2015,LE,10.9,65.2,118.8,96.3,39.1,13.5,2.2,1.73,0.8439,1.05,37.86666667,33.854721,35.862285
103,Hungary,1.20215,0.32112,0.128,104,4.8,2015,HU,18.1,53.1,92.9,81.6,32.6,6.6,0.2,1.4276,0.694,1.057,32.03333333,47.162494,19.503304
104,Honduras,0.95348,0.40148,0.23027,105,4.788,2015,HO,51.9,122.8,148.5,120.2,72.6,34.6,5.3,2.78,1.3561,1.05,67.9,15.199999,-86.241905
105,Tajikistan,0.85563,0.47216,0.22974,106,4.786,2015,TI,32.1,158.4,159.7,120,53.4,16,2.5,2.71,1.322,1.05,63.73333333,38.861034,71.276093
106,Tunisia,0.60429,0.26268,0.06431,107,4.739,2015,TS,8.4,62.2,144,133,92.4,26.3,2.2,2.3433,1.1353,1.064,54.08333333,33.886917,9.537499
108,Bangladesh,0.43106,0.4082,0.21222,109,4.694,2015,BG,51.9,100.9,129.6,97.8,43.3,16.2,2.4,2.21,1.0833,1.04,52.08333333,23.684994,90.356331
109,Iran,0.54447,0.30033,0.38086,110,4.686,2015,IR,34.9,94.7,109.4,91.1,51.6,13.5,1.2,1.9818,0.9667,1.05,47.83333333,32.427908,53.688046
110,Ukraine,1.20278,0.25123,0.15275,111,4.681,2015,UP,29.9,95.6,92,59.1,25.6,4.5,0.2,1.5349,0.7437,1.064,35.81666667,48.379433,31.16558
111,Iraq,0.81889,0,0.17922,112,4.677,2015,IZ,70.9,194,218.6,176.2,115.8,42.3,6.3,4.12,2.0098,1.05,100.9166667,33.223191,43.679291
112,South Africa,1.18468,0.33207,0.11973,113,4.642,2015,SF,43.2,105.3,121,102,62.1,25.8,6.5,2.33,1.1535,1.02,57.48333333,-30.559482,22.937506
113,Ghana,0.67954,0.42342,0.23087,114,4.633,2015,GH,67.7,163.2,199.9,177.3,118.1,71.9,13.5,4.0584,1.9992,1.03,101.95,7.946527,-1.023194
114,Zimbabwe,1.03276,0.25861,0.18987,115,4.61,2015,ZI,110,204,201,147,102,34,6,4.02,1.9803,1.03,100.5,-19.015438,29.154857
115,Liberia,0.78968,0.28531,0.24362,116,4.571,2015,LI,143.8,222.9,218.9,195.6,143.5,86.1,21.2,5.16,2.5419,1.03,135.5166667,6.428055,-9.429499
116,India,0.38174,0.39786,0.26475,117,4.565,2015,IN,35.3,167.3,153.9,83.9,36.3,14.4,4.9,2.48,1.1698,1.12,57.01666667,20.593684,78.96288
117,Sudan,1.01404,0.10081,0.19062,118,4.55,2015,SU,84.2,201.8,253.9,221.3,155.6,68.9,22.2,5.0392,2.4581,1.05,125.6666667,12.862807,30.217636
118,Haiti,0.74302,0.24425,0.46187,119,4.518,2015,HA,41.1,113.9,143.5,131.3,87.5,44.9,9.8,2.86,1.4222,1.011,71.41666667,18.971187,-72.285215
119,Congo (Kinshasa),1.0012,0.22605,0.24834,120,4.517,2015,CG,81.1,185.7,218.7,210.3,138.1,77.6,20.5,4.66,2.2956,1.03,118.8833333,4.0383,21.7587
120,Nepal,0.86449,0.38282,0.32296,121,4.514,2015,NP,46.6,118.4,128.9,89.8,42.3,16.9,3.2,2.23,1.0825,1.06,52.86666667,28.394857,84.124008
121,Ethiopia,0.60406,0.4345,0.24325,122,4.512,2015,ET,95.8,213,242.7,206.8,154.9,91.1,25.7,5.15,2.5369,1.03,131.2166667,9.145,40.489673
122,Sierra Leone,0.95571,0.4084,0.21488,123,4.507,2015,SL,133.5,207.2,207.5,178.3,135,65.6,32.9,4.8,2.3645,1.03,125.4166667,8.460555,-11.779889
123,Mauritania,0.86908,0.24232,0.219,124,4.436,2015,MR,69.6,146.6,181.3,172.1,122.2,75.1,33.1,4,1.9704,1.03,103.1166667,21.00789,-10.940835
124,Kenya,0.99876,0.42215,0.37542,125,4.419,2015,KE,60.5,152.3,177.9,146.1,81.2,34.6,8.9,3.307,1.6371,1.02,80.6,-0.023559,37.906193
125,Djibouti,0.59207,0.46074,0.18093,126,4.369,2015,DJ,14.3,79.3,141.5,129,70,32.4,11.6,2.3901,1.1774,1.03,56.1,11.825138,42.590275
126,Armenia,0.77711,0.19847,0.07855,127,4.35,2015,AM,24.4,124.4,99.7,52.1,20.1,6.4,0.4,1.6378,0.7686,1.1307,37.96666667,40.069099,45.038189
127,Botswana,1.10464,0.49495,0.10461,128,4.332,2015,BC,32.7,121.8,132.9,112.5,78.7,38.1,11.4,2.64,1.3005,1.03,65.86666667,-22.328474,24.684866
129,Georgia,0.38562,0.40577,0.05547,130,4.297,2015,GG,38.2,106.9,100.1,68.8,30,7.9,0.8,1.764,0.849,1.0778,42.1,42.315407,43.356892
130,Malawi,0.41134,0.43054,0.33128,131,4.292,2015,MI,145.9,266,247.2,199.2,146.2,80.9,34.7,5.6,2.7792,1.015,145.4833333,-13.254308,34.301525
131,Sri Lanka,1.01905,0.53726,0.40828,132,4.271,2015,CE,16.5,88.7,138,109,50.3,16.1,2.4,2.1043,1.0315,1.04,47.16666667,7.873054,80.771797
132,Cameroon,0.88767,0.49309,0.20618,133,4.252,2015,CM,112,213.8,231,189.9,128.2,62.2,15,4.76,2.3448,1.03,120.1833333,7.369722,12.354722
133,Bulgaria,1.10614,0.30587,0.11921,134,4.218,2015,BU,39.8,71.2,85.3,62,26.3,5.1,0.6,1.4502,0.7033,1.062,34.16666667,42.733883,25.48583
134,Egypt,0.747,0.17288,0.11291,135,4.194,2015,EG,60.7,217.2,210.8,138.4,70.3,18.1,3.2,3.5938,1.7409,1.0643,84.65,26.820553,30.802498
135,Yemen,0.68093,0.35571,0.09131,136,4.077,2015,YM,53.1,156.9,203.9,178.1,112.1,53.3,24.6,3.91,1.9073,1.05,96.35,15.552727,48.516388
136,Angola,0.8604,0.10384,0.12344,137,4.033,2015,AO,164.6,264.2,281.1,248.5,188.2,91,21.2,6.2936,3.1003,1.03,162.95,-11.202692,17.873887
137,Mali,1.03526,0.38857,0.18798,138,3.995,2015,ML,170.2,272.1,269.4,232.8,186.5,84.3,28.4,6.2187,3.0634,1.03,162.3833333,17.570692,-3.996166
138,Congo (Brazzaville),0.6629,0.41466,0.12388,139,3.989,2015,CF,135.6,200.5,210.6,188.6,137.9,52.4,10.3,4.68,2.3054,1.03,120.8833333,0.228,15.8277
139,Comoros,0.79273,0.22917,0.17441,140,3.956,2015,CN,54.2,156.9,195.9,160.1,88,37.2,27.7,3.6,1.7734,1.03,87.35,-11.875001,43.872219
140,Uganda,1.13299,0.45727,0.29066,141,3.931,2015,UG,141.9,268.8,272.8,234.5,165.5,91.7,2.9,5.89,2.9015,1.03,150.8833333,1.373333,32.290275
141,Senegal,0.97619,0.36772,0.20843,142,3.904,2015,SG,77.5,172.5,214.4,195.3,140.4,72,15.9,4.44,2.1872,1.03,112.2666667,14.497401,-14.452362
142,Gabon,0.90528,0.31914,0.06822,143,3.896,2015,GB,95.8,151.3,174.9,156.2,102.3,48.5,7,3.68,1.8128,1.03,93.51666667,-0.803689,11.609444
143,Niger,0.77265,0.47692,0.19387,144,3.845,2015,NG,188.9,285.2,289.8,255.7,186.2,110.5,34.8,6.7559,3.328,1.03,176.8833333,17.607789,8.081666
144,Cambodia,0.62736,0.66246,0.40359,145,3.819,2015,CB,29.5,122.1,150.7,120.3,66,27.8,3.6,2.6,1.2714,1.045,61.55,12.565679,104.990963
145,Tanzania,1.00268,0.32878,0.34377,146,3.781,2015,TZ,100.5,231.3,229.9,190.8,143.1,63.4,19.1,4.89,2.4089,1.03,124.7,-6.369028,34.888822
146,Madagascar,0.66801,0.19184,0.21333,147,3.681,2015,MA,98.9,188,198.5,169.5,110.7,61.7,12.7,4.2,2.069,1.03,106.9166667,-18.766947,46.869107
147,Central African Republic,0,0.48879,0.23835,148,3.678,2015,CT,123.1,201.4,212,175.6,101.3,50.2,18.4,4.4101,2.1725,1.03,111.6666667,6.611111,20.939444
148,Chad,0.76062,0.23501,0.18386,149,3.667,2015,CD,171.2,280.4,285.8,246.7,164.8,73.1,23.9,6.23,3.0539,1.04,160.0166667,15.454166,18.732207
149,Guinea,0.46475,0.37725,0.28657,150,3.656,2015,GV,145,205.9,223.2,197.2,138.3,72.6,31.8,5.07,2.4975,1.03,131.8,9.945587,-9.696645
151,Burkina Faso,0.85188,0.39493,0.21747,152,3.587,2015,UV,122.4,228.9,243.3,202.9,138.4,76.6,19.5,5.16,2.5419,1.03,131.45,12.238333,-1.561593
152,Afghanistan,0.30285,0.23414,0.3651,153,3.575,2015,AF,83.7,213.4,259.9,217.9,155.8,88.2,46.4,5.326,2.598,1.05,134.2333333,33.93911,67.709953
153,Rwanda,0.7737,0.59201,0.22628,154,3.465,2015,RW,35.8,164.6,212.7,185.1,135.9,74.3,11.7,4.1,2.0197,1.03,101.2333333,-1.940278,29.873888
154,Benin,0.35386,0.4845,0.1826,155,3.34,2015,BN,93,213.4,241.5,206.3,137.6,73.9,24.4,4.95,2.4146,1.05,124.7666667,9.30769,2.315834
155,Syria,0.47489,0.15684,0.47179,156,3.006,2015,SY,27.4,99.8,155.1,128.1,72.1,31.5,6,2.6,1.2621,1.06,60.81666667,34.802075,38.996815
156,Burundi,0.41587,0.1185,0.19727,157,2.905,2015,BY,61.5,267.3,290.4,258.1,213.2,98.3,29.2,6.09,3,1.03,154.6,-3.373056,29.918886
157,Togo,0.13995,0.36453,0.16681,158,2.839,2015,TO,69.3,183.9,218.1,184.8,138.6,73,28.3,4.48,2.2069,1.03,112.9833333,8.619543,0.824782
158,Denmark,1.16374,0.57941,0.36171,1,7.526,2016,DA,3.5,35.4,116.3,128,61,11.5,0.6,1.7873,0.8654,1.0653,40,56.26392,9.501785
159,Switzerland,1.14524,0.58557,0.28083,2,7.509,2016,SZ,3.1,31.2,80.8,113.3,67.4,13.7,0.8,1.5519,0.7537,1.059,38.25,46.818188,8.227512
160,Iceland,1.18326,0.56624,0.47678,3,7.501,2016,IC,10.8,75.4,139.2,113.3,44.7,13.4,6.2,2.01,0.9827,1.0454,43.96666667,64.963051,-19.020835
161,Norway,1.1269,0.59609,0.37895,4,7.498,2016,NO,6,51.9,118.1,124.8,59.5,10.3,0.6,1.8558,0.9031,1.0549,42.18333333,60.472024,8.468946
162,Finland,1.13464,0.57104,0.25492,5,7.413,2016,FI,7.2,51,105.6,114.1,58.4,13.3,0.6,1.7487,0.8547,1.046,40.76666667,61.92411,25.748151
163,Canada,1.0961,0.5737,0.44834,6,7.404,2016,CA,13.8,53.3,101.9,101.4,41.7,7.1,0.3,1.5972,0.7767,1.0563,36.26666667,56.130366,-106.346771
164,Netherlands,1.02912,0.55211,0.47416,7,7.339,2016,NL,3.8,33.8,103.7,137.7,66.1,10.7,0.4,1.7812,0.8685,1.051,42.08333333,52.132633,5.291266
165,New Zealand,1.17278,0.58147,0.49401,8,7.334,2016,NZ,27.7,70.4,107.1,124.1,63.2,12.3,0.6,2.0286,0.9905,1.048,49.71666667,-40.900557,174.885971
166,Australia,1.10476,0.56837,0.47407,9,7.313,2016,AS,16.5,52.9,96.5,116.8,59,11.2,0.5,1.7669,0.8598,1.055,42.81666667,-25.274398,133.775136
167,Sweden,1.08764,0.58218,0.38254,10,7.291,2016,SW,3.4,41.9,103.5,133.7,75.8,16.7,1.2,1.8807,0.914,1.0575,45.45,60.128161,18.643501
168,Israel,0.99537,0.36432,0.32288,11,7.267,2016,IS,14.8,103.3,166.7,147.8,78,20,1.8,2.662,1.2985,1.05,60.95,31.046051,34.851612
169,Austria,1.08383,0.54355,0.32865,12,7.119,2016,AU,8.7,45.5,89.8,92.8,47.7,8.7,0.5,1.4653,0.7137,1.053,33.98333333,47.516231,14.550072
170,United States,1.04782,0.48163,0.41077,13,7.104,2016,US,32.38,83.79,106.11,92.95,47.27,10.42,0.68,1.868227204,-9,-9,44.58166667,37.09024,-95.712891
171,Costa Rica,1.02152,0.55225,0.22553,14,7.087,2016,CS,54.9,101.5,103.6,73,33.6,9.9,1,1.897,0.9254,1.05,45.65,9.748917,-83.753428
172,Puerto Rico,1.08113,0.46823,0.22202,15,7.039,2016,RQ,38,79.5,65.5,42.6,18.8,3.9,0.2,1.24,0.6022,1.059,30.5,18.220833,-66.590149
173,Germany,1.09774,0.53466,0.30452,16,6.994,2016,GM,8.1,43.6,86,95.2,47.2,9,0.4,1.443,0.7023,1.0547,33.91666667,51.165691,10.451526
174,Brazil,1.03938,0.40425,0.15776,17,6.952,2016,BR,24,76.3,115.3,88,35.2,11.8,1.9,1.762,0.8595,1.05,39.53333333,-14.235004,-51.92528
175,Belgium,1.05249,0.51354,0.2424,18,6.929,2016,BE,9,54.5,124.1,113.3,47.2,8.7,0.4,1.7814,0.8694,1.049,38.85,50.503887,4.469936
176,Ireland,1.16157,0.54008,0.44963,19,6.907,2016,EI,17.6,51.5,85.5,129.4,93.8,17.4,1,1.9814,0.9632,1.057,51.78333333,53.41291,-8.24389
177,Luxembourg,1.03999,0.5487,0.27571,20,6.871,2016,LU,5.3,33.8,88.7,113.2,67.1,14.6,0.7,1.6139,0.7843,1.0578,39.11666667,49.815273,6.129583
178,Mexico,0.7146,0.37709,0.11735,21,6.778,2016,MX,54.4,120.9,121.8,91.4,45.9,14.4,2.2,2.2547,1.0999,1.05,54.86666667,23.634501,-102.552784
179,Singapore,0.86758,0.4877,0.32706,22,6.739,2016,SN,3.4,11.6,39.8,66.5,36.6,5.9,0.3,0.8205,0.3958,1.0729,20.71666667,1.352083,103.819836
180,United Kingdom,1.08672,0.50036,0.50156,23,6.725,2016,UK,24.6,70.5,102.6,111.3,56.8,10.8,0.6,1.886,0.9191,1.0519,45.76666667,55.378051,-3.435973
181,Chile,0.90587,0.37789,0.31595,24,6.705,2016,CI,32.1,74.4,106.9,90.8,43.4,12.9,1.4,1.81,0.8862,1.0425,42.5,-35.675147,-71.542969
182,Panama,0.98912,0.48927,0.2418,25,6.701,2016,PM,75.7,128.5,114.7,87.4,43.7,12.8,2.2,2.326,1.1375,1.0449,58.38333333,8.537981,-80.782127
183,Argentina,1.06612,0.42284,0.10989,26,6.65,2016,AR,64.7,108.2,107.4,96.3,58.9,17.7,1.4,2.282,1.1045,1.066,57.86666667,-38.416097,-63.616672
185,United Arab Emirates,0.87114,0.56215,0.26591,28,6.573,2016,AE,20.2,75.8,85.5,72.8,52.4,28.1,11.3,1.7303,0.8401,1.0597,43.43333333,23.424076,53.847818
186,Uruguay,1.03143,0.54388,0.18056,29,6.545,2016,UY,18.7,71.2,120,96.6,40.1,13.4,1.9,1.81,0.8888,1.0365,40.31666667,-32.522779,-55.765835
187,Malta,1.09879,0.54994,0.56237,30,6.488,2016,MT,11.2,36.5,86.5,103.4,45.2,8.7,0.3,1.4611,0.7153,1.0427,34.21666667,35.937496,14.375416
188,Colombia,1.02169,0.44735,0.15626,31,6.481,2016,CO,47.1,95,117.1,87.2,41.7,13.9,2,2.02,0.9806,1.06,47.81666667,4.570868,-74.297333
189,France,1.00508,0.46562,0.1216,32,6.478,2016,FR,9.3,60.4,134.1,132.1,62.9,14.8,1,2.0738,1.0127,1.0478,46.75,46.227638,2.213749
190,Thailand,1.04477,0.49553,0.58696,33,6.474,2016,TH,50.9,107.2,77,37.9,18.9,6.5,4.4,1.5139,0.7372,1.0535,37.63333333,15.870032,100.992541
191,Saudi Arabia,0.84829,0.37904,0.15457,34,6.379,2016,SA,2.7,35.7,100.9,107,95.9,55.8,32.2,2.1513,1.0494,1.05,54.88333333,23.885942,45.079162
192,Taiwan,0.92624,0.32377,0.25495,34,6.379,2016,TW,5,28.8,68.9,81.4,35.1,5,0,1.1211,0.5423,1.0674,25.88333333,23.69781,120.960515
193,Qatar,0.87964,0.56679,0.32388,36,6.375,2016,QA,12.3,82.7,104.6,90.2,60.8,25.7,4.2,1.9023,0.9398,1.0241,45.98333333,25.354826,51.183884
194,Spain,1.12945,0.37545,0.17665,37,6.361,2016,SP,13.4,41.1,72.4,100.6,58.5,11.5,0.8,1.4919,0.7225,1.065,37.65,40.463667,-3.74922
195,Algeria,0.83309,0.21006,0.07044,38,6.355,2016,AG,16.4,100,159.3,142,85.2,38.6,7.2,2.7439,1.3369,1.0524,64.9,28.033886,1.659626
196,Guatemala,0.87119,0.50379,0.28808,39,6.324,2016,GT,86.6,162.4,145.7,114.6,66.6,26,2.9,3.024,1.4751,1.05,76.51666667,15.783471,-90.230759
197,Suriname,0.77866,0.52234,0.16665,40,6.269,2016,NS,30,81.4,122.5,96.9,42.6,13.5,1.6,1.948,0.9503,1.05,44.33333333,3.919305,-56.027783
198,Kuwait,0.87758,0.43166,0.15965,41,6.239,2016,KU,14.4,103.2,148.7,119.4,73.8,24.6,4.3,2.4419,1.1931,1.0466,56.61666667,29.31166,47.481766
199,Bahrain,0.94397,0.47375,0.17147,42,6.218,2016,BA,13.3,77,114.9,86.9,42.7,16.2,2.2,1.7656,0.8708,1.0276,39.71666667,25.930414,50.637772
200,Trinidad and Tobago,0.98569,0.48453,0.31935,43,6.168,2016,TD,10.4,63.7,118.2,96.1,38.1,13,2.1,1.708,0.8422,1.0281,37.23333333,10.691803,-61.222503
201,Venezuela,1.03302,0.19847,0.0425,44,6.084,2016,VE,83.4,119.1,112.5,88.2,47.3,16.7,2.9,2.35,1.1463,1.05,59.6,6.42375,-66.58973
202,Slovakia,1.08268,0.23391,0.13837,45,6.078,2016,LO,20.4,51,91.2,79.5,31.9,5.8,1,1.4028,0.6786,1.0672,31.6,48.669026,19.699024
203,El Salvador,0.80975,0.37269,0.08877,46,6.068,2016,ES,28.8,79.9,118,92.9,40.8,15.1,2,1.888,0.921,1.05,43.25,13.794185,-88.89653
204,Malaysia,0.88025,0.39031,0.41474,47,6.005,2016,MY,12.8,93.9,164.1,137.5,70.6,23.5,2.8,2.526,1.2206,1.0694,56.85,4.210484,101.975766
205,Nicaragua,0.89521,0.46582,0.29773,48,5.992,2016,NU,30.7,81.6,120.2,93.8,41.7,13.2,2,1.916,0.9346,1.05,43.83333333,12.865416,-85.207229
206,Uzbekistan,1.1681,0.60848,0.34326,49,5.987,2016,UZ,9.9,77,122.3,95.9,37.4,10.8,4.9,1.776,0.8621,1.06,39.31666667,41.377491,64.585262
207,Italy,1.04167,0.18827,0.16684,50,5.977,2016,IT,7.1,35.6,74.8,96.4,58.9,12.7,0.7,1.4338,0.6964,1.059,35.23333333,41.87194,12.56738
208,Ecuador,0.85974,0.4027,0.10074,51,5.976,2016,EC,39.4,102,126.2,101,50.9,20.1,4,2.218,1.082,1.05,52.9,-1.831239,-78.183406
209,Belize,0.68655,0.51231,0.23684,52,5.956,2016,BH,52.5,136,165.4,129.5,67.7,25.9,3,2.9,1.4146,1.05,69.1,17.189877,-88.49765
210,Japan,1.06054,0.46761,0.10224,53,5.921,2016,JA,6.1,42.5,94.4,92.7,38.8,6.9,0.4,1.4093,0.6855,1.056,31.23333333,36.204824,138.252924
211,Kazakhstan,0.95544,0.4052,0.15011,54,5.919,2016,KZ,23.8,122.6,139.9,103.7,50.7,14.4,0.9,2.28,1.1772,0.9368,52.68333333,48.019573,66.923684
212,Moldova,0.83132,0.25202,0.19997,55,5.897,2016,MD,27.6,94.2,98.6,60.9,25.4,5.5,0.5,1.5635,0.7575,1.064,35.68333333,47.411631,28.369885
213,Russia,1.05261,0.32682,0.02736,56,5.856,2016,RS,26.4,84.4,101.4,71,30.4,6.9,0.6,1.6053,0.7793,1.06,36.61666667,61.52401,105.318756
214,Poland,1.04685,0.4519,0.14443,57,5.835,2016,PL,13.5,53.9,91.3,71.9,30.5,6.7,0.8,1.338,0.6497,1.0594,29.55,51.919438,19.145136
216,Bolivia,0.83779,0.50961,0.21698,59,5.822,2016,BL,43.9,118,145.9,118.4,72.8,30.4,6.6,2.68,1.3073,1.05,65.01666667,-16.290154,-63.588653
217,Lithuania,1.06411,0.18929,0.02025,60,5.813,2016,LH,15.7,61.1,109.7,89,36.9,7.1,0.6,1.5899,0.7729,1.057,35.06666667,55.169438,23.881275
218,Belarus,1.04993,0.29091,0.13942,61,5.802,2016,BO,19.3,83.5,98.4,64.2,24.6,5,0.4,1.4769,0.7169,1.06,32.83333333,53.709807,27.953389
220,Slovenia,1.05613,0.53164,0.25738,63,5.768,2016,SI,4.2,40.3,109.8,106.8,44.8,9.1,0.5,1.5726,0.7713,1.0388,34.28333333,46.151241,14.995463
221,Peru,0.81255,0.37502,0.14527,64,5.743,2016,PE,35.8,95.6,119.6,101.8,54.8,19.3,3.6,2.152,1.0519,1.0458,51.81666667,-9.189967,-75.015152
222,Turkmenistan,1.03817,0.37408,0.22567,65,5.658,2016,TX,15.4,99.9,142.6,100.9,41.4,13.9,2,2.08,1.0146,1.05,45.58333333,38.969719,59.556278
223,Mauritius,0.75695,0.46145,0.36951,66,5.648,2016,MP,14.6,73,119.1,92.9,37.3,12.2,1.8,1.754,0.8556,1.05,38.63333333,-20.348404,57.552152
224,Libya,0.95076,0.40672,0.17087,67,5.615,2016,LY,8.6,60.2,121.4,114.9,68.6,30.3,4.8,2.044,0.9971,1.05,47.9,26.3351,17.228331
225,Latvia,0.95025,0.27996,0.17445,68,5.56,2016,LG,13.9,54.3,92.4,85.4,45.2,10.9,0.6,1.5085,0.7358,1.05,35.05,56.879635,24.603189
226,Cyprus,0.70697,0.29507,0.27906,69,5.546,2016,CY,8.9,50.7,105.8,86,33.9,6.9,0.7,1.465,0.7146,1.0501,31.18333333,35.126413,33.429859
227,Paraguay,1.11111,0.46235,0.25296,70,5.538,2016,PA,18.3,74.6,126.1,101,41.5,16.2,3.7,1.9069,0.9302,1.05,42.55,-23.442503,-58.443832
228,Romania,0.72803,0.36712,0.12889,71,5.528,2016,RO,28,67,84.5,58.8,22.5,5.2,1.3,1.3386,0.6498,1.06,30.46666667,45.943161,24.96676
229,Estonia,1.05163,0.41511,0.08423,72,5.517,2016,EN,14.6,58.7,99.9,88.7,46.3,11.4,1,1.5957,0.7792,1.0479,36.78333333,58.595272,25.013607
230,Jamaica,0.96372,0.43597,0.22245,73,5.51,2016,JM,57.3,96.9,118,77.1,54.6,15.4,2.8,2.11,1.0293,1.05,50.68333333,18.109581,-77.297508
231,Croatia,0.60809,0.23907,0.18434,74,5.488,2016,HR,10.2,45.7,89.8,84.3,38.1,8.2,0.6,1.3875,0.673,1.0616,31.18333333,45.1,15.2
232,Hong Kong,0.87021,0.48079,0.40097,75,5.458,2016,HK,3.1,26.2,62.6,85.2,51,8.6,0.4,1.1853,0.5632,1.1044,29.08333333,22.396428,114.109497
233,Somalia,0.33613,0.56778,0.27225,76,5.44,2016,SO,75.7,241.9,277.7,243,194.3,96.6,49.7,5.894,2.9035,1.03,150.2,5.152149,46.199616
234,Kosovo,0.66062,0.14396,0.27992,77,5.401,2016,KV,10.4,81.8,142,115.4,46.8,13.1,1.7,2.0562,0.9876,1.0821,44.86666667,42.602636,20.902977
235,Turkey,0.87717,0.23889,0.04707,78,5.389,2016,TU,25.6,99.9,127.8,96.3,43.7,11.4,1.6,2.032,0.9912,1.05,46.41666667,38.963745,35.243322
236,Indonesia,0.87625,0.39237,0.56521,79,5.314,2016,ID,30.4,94.4,130.2,100.7,49,17.3,3.6,2.128,1.038,1.05,49.23333333,-0.789275,113.921327
237,Jordan,0.86216,0.36023,0.14262,80,5.303,2016,JO,23.5,125.3,191.8,164.2,98,30.6,2.9,3.1813,1.5443,1.06,74.08333333,30.585164,36.238414
238,Azerbaijan,0.76042,0.35327,0.0564,81,5.291,2016,AJ,36.5,133,116,62.6,24.4,6.5,0.9,1.8999,0.9041,1.1015,43.98333333,40.143105,47.576927
239,Philippines,0.87877,0.54854,0.21674,82,5.279,2016,RP,49.5,144.9,158.7,129.7,80.8,40.6,6.9,3.056,1.4907,1.05,75.4,12.879721,121.774017
240,China,0.79381,0.44012,0.04959,83,5.245,2016,CH,9,60.2,111.3,89.5,35,10.5,5.1,1.6,0.7479,1.1394,34.88333333,35.86166,104.195397
241,Bhutan,0.90836,0.46074,0.48546,84,5.196,2016,BT,16.2,81.9,126.6,97.2,42.8,17.5,3.8,1.93,0.9415,1.05,43.23333333,27.514162,90.433601
242,Kyrgyzstan,0.95434,0.40212,0.38432,85,5.185,2016,KG,26.4,154.3,152.6,112.7,59.7,18.7,2.8,2.636,1.2753,1.067,62.43333333,41.20438,74.766098
243,Serbia,0.81329,0.15718,0.20737,86,5.177,2016,RI,23.1,78.2,92.4,64.2,24.3,3.9,0.3,1.4342,0.6945,1.065,32.33333333,44.016521,21.005859
244,Bosnia and Herzegovina,0.64367,0.09511,0.29889,87,5.163,2016,BK,14.9,64.2,90,61.5,21.6,4.8,1,1.2845,0.6199,1.072,28,43.915886,17.679076
245,Montenegro,0.74173,0.15111,0.17191,88,5.161,2016,MJ,10,65,122.4,105.7,51.6,11,0.8,1.8351,0.9017,1.0352,40.68333333,42.708678,19.37439
246,Dominican Republic,0.99496,0.52259,0.21286,89,5.155,2016,DR,73.2,132.5,121.2,83.4,39.6,11.4,1.2,2.312,1.1333,1.04,56.88333333,18.735693,-70.162651
247,Morocco,0.38595,0.25646,0.04053,90,5.151,2016,MO,21.2,83.2,126.6,109.6,57.2,22.5,3.3,2.118,1.0332,1.05,49.5,31.791702,-7.09262
248,Hungary,0.93164,0.1977,0.099,91,5.145,2016,HU,18,53.4,93.4,82.6,32.7,6.6,0.2,1.4375,0.6988,1.057,32.25,47.162494,19.503304
249,Pakistan,0.26135,0.14622,0.31185,92,5.132,2016,PK,31.2,113.8,163,129.4,64.7,26.9,7.8,2.684,1.3093,1.05,62.3,30.375321,69.345116
250,Lebanon,0.64184,0.26228,0.23693,93,5.129,2016,LE,10.8,64.9,118.7,96.3,38.9,13.4,2.2,1.726,0.8419,1.05,37.75,33.854721,35.862285
251,Portugal,0.94367,0.44727,0.11691,94,5.123,2016,PO,16.2,45.3,82.4,85.9,36.3,4.1,0.2,1.3625,0.6621,1.0579,31.33333333,39.399872,-8.224454
252,Macedonia,0.78236,0.27668,0.23507,95,5.121,2016,MK,14.3,62.9,100.2,79.8,31.3,5.4,0.5,1.4738,0.7134,1.0659,32.36666667,41.6086,21.7453
253,Vietnam,0.79117,0.55954,0.25075,96,5.061,2016,VM,18.3,80.5,126.9,90.3,34.5,11.4,1.7,1.818,0.8637,1.105,39.45,14.058324,108.277199
255,Tunisia,0.43165,0.23553,0.03936,98,5.045,2016,TS,8.2,60.7,140.5,129.8,90.1,25.7,2.2,2.2867,1.1079,1.064,52.78333333,33.886917,9.537499
256,Greece,0.75473,0.05822,0,99,5.033,2016,GR,10.4,55.5,98.4,79.8,30.8,7,2.2,1.4234,0.6896,1.064,30.95,39.074208,21.824312
257,Tajikistan,0.75602,0.43408,0.25998,100,4.996,2016,TI,31.2,154.6,158.1,119,52.8,15.9,2.4,2.67,1.3024,1.05,62.65,38.861034,71.276093
258,Mongolia,1.08983,0.35972,0.34539,101,4.907,2016,MG,16.5,113,129,92.7,55.9,16.6,2.3,2.13,1.039,1.05,49.5,46.862496,103.846656
259,Laos,0.5497,0.52168,0.43079,102,4.876,2016,LA,46.6,121.1,164.1,131.6,64.8,23,1.3,2.762,1.3539,1.04,64.73333333,19.85627,102.495496
260,Nigeria,0.64498,0.27854,0.23219,103,4.875,2016,NI,105.8,208.8,251,209.3,139.5,63,19.4,4.984,2.4194,1.06,124.3,9.081999,8.675277
261,Honduras,0.75596,0.26755,0.2044,104,4.871,2016,HO,49.7,119.7,146.9,119,70.8,33.5,5.2,2.724,1.3288,1.05,66.31666667,15.199999,-86.241905
262,Iran,0.38857,0.22544,0.38538,105,4.813,2016,IR,34.2,93.8,109.6,91.2,51.2,13.5,1.2,1.9737,0.9628,1.05,47.51666667,32.427908,53.688046
263,Zambia,0.6376,0.42662,0.17866,106,4.795,2016,ZA,115.8,261.9,259.6,222.1,169.3,82.7,23.4,5.674,2.7951,1.03,145.8666667,-13.133897,27.849332
264,Nepal,0.69699,0.37012,0.3816,107,4.793,2016,NP,42.9,112.8,127.7,90.4,41.8,16.5,3,2.176,1.0563,1.06,51.23333333,28.394857,84.124008
266,Albania,0.50163,0.31866,0.1684,109,4.655,2016,AL,10.9,74.2,105.4,72.2,30.4,7.2,1,1.5065,0.7187,1.096,32.65,41.153332,20.168331
267,Bangladesh,0.24749,0.39778,0.19132,110,4.643,2016,BG,50.3,99.4,129.1,97.7,43.1,16.1,2.3,2.19,1.0735,1.04,51.48333333,23.684994,90.356331
268,Sierra Leone,0.628,0.30685,0.23897,111,4.635,2016,SL,132,205.5,206.5,177.3,133.9,65,32.5,4.764,2.3468,1.03,124.3666667,8.460555,-11.779889
269,Iraq,0.59205,0.24856,0.19589,112,4.575,2016,IZ,69.4,190.7,216.1,174.2,113.9,41.6,6.1,4.06,1.9805,1.05,99.31666667,33.223191,43.679291
270,Namibia,0.70362,0.48614,0.07795,113,4.574,2016,WA,71.4,152.5,160.6,141.2,99.4,37.7,8.8,3.3575,1.6539,1.03,85.16666667,-22.95764,18.49041
271,Cameroon,0.62542,0.42736,0.2268,114,4.513,2016,CM,110,210.8,228.8,188,126.4,61.2,14.7,4.7,2.3153,1.03,118.5166667,7.369722,12.354722
272,Ethiopia,0.37932,0.36703,0.29522,115,4.508,2016,ET,93.9,209.5,239.8,204.2,152.2,89.3,25.2,5.07,2.4975,1.03,129.05,9.145,40.489673
273,South Africa,0.96053,0.42483,0.13656,116,4.459,2016,SF,42,103.8,120.9,101.8,61.3,25.4,6.4,2.308,1.1426,1.02,56.78333333,-30.559482,22.937506
274,Sri Lanka,0.84783,0.50817,0.46978,117,4.415,2016,CE,16.2,87.5,137.1,108.4,49.7,15.9,2.4,2.0858,1.0224,1.04,46.68333333,7.873054,80.771797
275,India,0.29247,0.40285,0.25028,118,4.404,2016,IN,34.5,163.8,152.7,84.3,36.4,14.4,4.8,2.454,1.1586,1.118,56.36666667,20.593684,78.96288
277,Egypt,0.49813,0.18847,0.12706,120,4.362,2016,EG,59.1,212.3,207.9,137.1,69.2,17.9,3.2,3.533,1.7115,1.0643,83.13333333,26.820553,30.802498
278,Armenia,0.62477,0.14037,0.07793,121,4.36,2016,AM,24,122.7,100.2,53.3,20.6,6.6,0.5,1.6396,0.772,1.1237,37.95,40.069099,45.038189
279,Kenya,0.7624,0.40576,0.41328,122,4.356,2016,KE,55.3,143.1,171.7,140.9,76.7,32.4,8.2,3.1413,1.5551,1.02,76.1,-0.023559,37.906193
280,Ukraine,1.01413,0.12859,0.20363,123,4.324,2016,UP,29.3,94.7,92.8,60.2,26,4.7,0.2,1.5396,0.7459,1.064,35.85,48.379433,31.16558
281,Ghana,0.49353,0.40973,0.21203,124,4.276,2016,GH,67,161.9,198.8,176.2,117.1,71.1,13.3,4.0267,1.9836,1.03,101.1,7.946527,-1.023194
282,Congo (Kinshasa),0.80676,0.15602,0.25458,125,4.272,2016,CG,77.8,180.1,214.2,205.1,133.6,74.7,19.7,4.526,2.2296,1.03,115.1666667,4.0383,21.7587
283,Georgia,0.19249,0.32461,0.06786,126,4.252,2016,GG,37.4,105.6,100.6,69.6,30.2,8,0.8,1.7621,0.8503,1.0722,41.93333333,42.315407,43.356892
284,Congo (Brazzaville),0.47799,0.37938,0.12077,127,4.236,2016,CF,133.7,198.4,209.2,187.2,136.4,51.8,10.1,4.634,2.2828,1.03,119.6,0.228,15.8277
285,Senegal,0.77416,0.31056,0.19103,128,4.219,2016,SG,75.5,169.3,211.6,192.4,137.4,70.3,15.5,4.36,2.1478,1.03,110.0666667,14.497401,-14.452362
286,Bulgaria,0.92542,0.21219,0.12793,129,4.217,2016,BU,38.4,70.9,86,63,26.5,5.3,0.7,1.4573,0.7067,1.062,34.13333333,42.733883,25.48583
287,Mauritania,0.84142,0.1268,0.22686,130,4.201,2016,MR,67.8,144.1,179.3,169.8,119.6,73.2,32.2,3.93,1.9359,1.03,101.1166667,21.00789,-10.940835
288,Zimbabwe,0.71478,0.25429,0.18503,131,4.193,2016,ZI,109.2,202.9,200.4,146.6,101.5,33.8,6,4.002,1.9714,1.03,100,-19.015438,29.154857
289,Malawi,0.147,0.4143,0.30968,132,4.156,2016,MI,143.9,263,245.3,197.6,144.6,79.9,34.2,5.5429,2.7508,1.015,143.8666667,-13.254308,34.301525
290,Sudan,0.81928,0,0.18077,133,4.139,2016,SU,82.8,199.2,251.3,218.9,153.4,67.8,21.9,4.9762,2.4274,1.05,124,12.862807,30.217636
291,Gabon,0.72368,0.28098,0.06244,134,4.121,2016,GB,93.6,149,173.5,154.7,100.7,47.6,6.8,3.63,1.7882,1.03,92.06666667,-0.803689,11.609444
292,Mali,0.86333,0.27544,0.21064,135,4.073,2016,ML,166.5,267.2,265.9,229.6,183,82.6,27.8,6.1125,3.0111,1.03,159.45,17.570692,-3.996166
293,Haiti,0.29561,0.12072,0.47958,136,4.028,2016,HA,39.2,110.9,142,129.2,84.6,43,9.4,2.792,1.3884,1.011,69.38333333,18.971187,-72.285215
294,Botswana,0.89186,0.44089,0.12425,137,3.974,2016,BC,31.8,119.4,132.3,111.8,77.1,37.1,11,2.602,1.2818,1.03,64.7,-22.328474,24.684866
295,Comoros,0.60323,0.15412,0.1827,138,3.956,2016,CN,51.2,150.5,190.6,155.7,84.6,35.5,25.9,3.47,1.7094,1.03,83.9,-11.875001,43.872219
297,Cambodia,0.5375,0.58852,0.40339,140,3.907,2016,CB,28.6,119.4,149.2,119.1,64.7,27.1,3.5,2.558,1.2509,1.045,60.4,12.565679,104.990963
298,Angola,0.66366,0.00589,0.12071,141,3.866,2016,AO,162.3,261.3,278.7,246.3,186,89.8,20.9,6.2273,3.0676,1.03,161.1,-11.202692,17.873887
299,Niger,0.6053,0.38041,0.2097,142,3.856,2016,NG,184.2,279.3,285.2,251.5,182.2,107.9,33.9,6.6207,3.2614,1.03,173.1666667,17.607789,8.081666
300,South Sudan,0.18519,0.19662,0.25899,143,3.832,2016,OD,76.4,235.4,231.7,219.3,142.2,115.5,47.5,5.34,2.6049,1.05,139.3833333,6.877,31.307
301,Chad,0.63178,0.12807,0.18667,144,3.763,2016,CD,167.3,275.2,281.8,243,161.8,71.6,23.4,6.12,3,1.04,157.05,15.454166,18.732207
302,Burkina Faso,0.63054,0.3337,0.24353,145,3.739,2016,UV,118.2,222.6,238.6,198.9,134.7,74.2,18.8,5.03,2.4778,1.03,127.9,12.238333,-1.561593
303,Uganda,0.90981,0.43653,0.27102,145,3.739,2016,UG,139.1,264.4,269.5,231.5,162.7,90,2.8,5.8,2.8571,1.03,148.4166667,1.373333,32.290275
304,Yemen,0.47493,0.2287,0.09821,147,3.724,2016,YM,50.4,150.9,198.4,172.8,107.3,50.7,23.1,3.768,1.838,1.05,92.53333333,15.552727,48.516388
305,Madagascar,0.46115,0.13684,0.2204,148,3.695,2016,MA,95.9,183.8,195.8,167,108.2,60.1,12.4,4.116,2.0276,1.03,104.5666667,-18.766947,46.869107
306,Tanzania,0.77623,0.3176,0.31472,149,3.666,2016,TZ,98.8,228.1,227.8,189,141.1,62.4,18.8,4.83,2.3793,1.03,123.0333333,-6.369028,34.888822
307,Liberia,0.50353,0.25748,0.24063,150,3.622,2016,LI,141.8,220.5,217.4,194.1,141.9,85,20.9,5.108,2.5163,1.03,134.0333333,6.428055,-9.429499
308,Guinea,0.3109,0.30953,0.29914,151,3.607,2016,GV,143.8,204.7,222.3,196.3,137.4,72,31.5,5.04,2.4828,1.03,130.95,9.945587,-9.696645
309,Rwanda,0.61586,0.5432,0.23552,152,3.515,2016,RW,34.5,159.7,208.1,180.8,131.2,71.3,11.2,3.984,1.9626,1.03,98.11666667,-1.940278,29.873888
310,Benin,0.10419,0.39747,0.2018,153,3.484,2016,BN,90.6,209.1,238,203.2,134.8,72.2,23.7,4.858,2.3698,1.05,122.2666667,9.30769,2.315834
311,Afghanistan,0.11037,0.1643,0.31268,154,3.36,2016,AF,81.4,209,256,214.5,152.2,85.9,45,5.22,2.5463,1.05,131.3333333,33.93911,67.709953
312,Togo,0,0.34678,0.17517,155,3.303,2016,TO,68.2,181.7,216.3,183.1,136.7,71.9,27.8,4.428,2.1813,1.03,111.5666667,8.619543,0.824782
313,Syria,0.14866,0.06912,0.48397,156,3.069,2016,SY,26.4,97.6,153,126.2,70.2,30.5,5.8,2.548,1.2369,1.06,59.45,34.802075,38.996815
314,Burundi,0.23442,0.0432,0.2029,157,2.905,2016,BY,60.9,264.9,288.4,256.2,211.1,97.3,28.9,6.038,2.9744,1.03,153.2166667,-3.373056,29.918886
315,Norway,1.53352356,0.635422587,0.362012237,1,7.537000179,2017,NO,6,51.7,118,124.6,59.5,10.2,0.6,1.8534,0.9019,1.055,42.1,60.472024,8.468946
316,Denmark,1.551121593,0.626006722,0.355280489,2,7.521999836,2017,DA,3.5,35.6,116.2,128,60.8,11.4,0.6,1.7847,0.8641,1.0653,39.98333333,56.26392,9.501785
317,Iceland,1.610574007,0.627162635,0.475540221,3,7.504000187,2017,IC,10.8,75.4,138.7,112.4,44,13.3,6.3,2,0.9776,1.0457,43.7,64.963051,-19.020835
318,Switzerland,1.516911745,0.620070577,0.290549278,4,7.493999958,2017,SZ,3.1,31.2,81.1,113.7,67.6,13.8,0.8,1.5567,0.756,1.059,38.36666667,46.818188,8.227512
319,Finland,1.540246725,0.617950857,0.245482773,5,7.468999863,2017,FI,7.1,51.1,105.6,113.7,58.6,13.3,0.6,1.7473,0.854,1.046,40.73333333,61.92411,25.748151
320,Netherlands,1.428939223,0.585384488,0.47048983,6,7.376999855,2017,NL,3.9,33.7,103.6,137.7,65.8,10.8,0.4,1.78,0.8679,1.051,42.05,52.132633,5.291266
321,Canada,1.481348991,0.611100912,0.435539722,7,7.315999985,2017,CA,13.8,53.4,102.1,101.6,41.8,7.1,0.3,1.6002,0.7782,1.0563,36.33333333,56.130366,-106.346771
322,New Zealand,1.548195124,0.61406213,0.500005126,8,7.31400013,2017,NZ,27.6,70.1,106.6,123.5,62.9,12.2,0.6,2.0189,0.9858,1.048,49.48333333,-40.900557,174.885971
323,Sweden,1.478162169,0.612924099,0.385399252,9,7.28399992,2017,SW,3.4,42.1,103.5,133.4,75.4,16.6,1.2,1.8775,0.9125,1.0575,45.35,60.128161,18.643501
324,Australia,1.510041952,0.601607382,0.47769925,10,7.28399992,2017,AS,16.5,52.9,96.4,116.6,59.2,11.1,0.5,1.7659,0.8593,1.055,42.8,-25.274398,133.775136
325,Israel,1.376289964,0.405988604,0.330082655,11,7.212999821,2017,IS,14.7,102.6,165.7,146.8,77.2,19.8,1.8,2.644,1.2898,1.05,60.48333333,31.046051,34.851612
326,Costa Rica,1.416403651,0.58013165,0.214613229,12,7.078999996,2017,CS,53.6,100.3,104,73.7,33.7,10,1,1.8913,0.9226,1.05,45.38333333,9.748917,-83.753428
327,Austria,1.459944963,0.56776619,0.316472322,13,7.006000042,2017,AU,8.7,45.8,90.2,93.3,48.1,8.8,0.5,1.4722,0.7171,1.053,34.2,47.516231,14.550072
328,United States,1.419920564,0.505740523,0.392578781,14,6.993000031,2017,US,32.66,83.91,106.16,92.85,47.08,10.5,0.66,1.869422425,-9,-9,44.61,37.09024,-95.712891
329,Ireland,1.558231115,0.573110342,0.427858323,15,6.977000237,2017,EI,17.5,51.2,84.9,128.8,92.8,17.3,1,1.9676,0.9565,1.057,51.43333333,53.41291,-8.24389
330,Germany,1.472520351,0.562511384,0.33626917,16,6.951000214,2017,GM,8.2,43.6,86.8,95.8,47.4,9.3,0.4,1.4505,0.7059,1.0547,34.11666667,51.165691,10.451526
331,Belgium,1.462312698,0.539770722,0.231503338,17,6.890999794,2017,BE,9,54.2,124,113.3,47,8.8,0.4,1.779,0.8682,1.049,38.78333333,50.503887,4.469936
332,Luxembourg,1.457583666,0.596627891,0.283180982,18,6.862999916,2017,LU,5.3,33.9,88.9,113.5,67,14.8,0.7,1.6164,0.7855,1.0578,39.2,49.815273,6.129583
333,United Kingdom,1.49646008,0.508190036,0.492774159,19,6.714000225,2017,UK,24.5,70.3,102.3,111,56.6,10.8,0.6,1.8805,0.9165,1.0519,45.63333333,55.378051,-3.435973
334,Chile,1.284024954,0.376895279,0.326662421,20,6.65199995,2017,CI,30.1,73.4,107.9,91.3,42.9,12.9,1.4,1.8,0.8813,1.0425,42,-35.675147,-71.542969
335,United Arab Emirates,1.266410232,0.60834527,0.360941947,21,6.647999763,2017,AE,19.9,75.3,86.6,72.9,51.7,28,11.2,1.7287,0.8393,1.0597,43.16666667,23.424076,53.847818
336,Brazil,1.431306005,0.437453747,0.162349895,22,6.635000229,2017,BR,22.2,74.6,115.6,89,35.5,11.9,1.9,1.754,0.8556,1.05,39.18333333,-14.235004,-51.92528
338,Argentina,1.440451145,0.494519204,0.109457061,24,6.598999977,2017,AR,63,106.8,107.7,96.3,58.2,17.6,1.4,2.264,1.0958,1.066,57.21666667,-38.416097,-63.616672
339,Mexico,1.21086216,0.412730008,0.120990433,25,6.578000069,2017,MX,53.1,119.2,121.7,91.5,45.6,14.4,2.2,2.2384,1.0919,1.05,54.33333333,23.634501,-102.552784
340,Singapore,1.353814363,0.549840569,0.345965981,26,6.572000027,2017,SN,3.4,11.7,40.3,67.4,37.1,6,0.3,0.8317,0.4012,1.0729,20.98333333,1.352083,103.819836
341,Malta,1.488411665,0.588767052,0.574730575,27,6.52699995,2017,MT,11.3,36.7,87.2,103.8,45.3,8.8,0.3,1.4683,0.7187,1.0431,34.36666667,35.937496,14.375416
342,Uruguay,1.412227869,0.579392254,0.175096929,28,6.453999996,2017,UY,18,70.5,119.8,96.6,39.9,13.3,1.9,1.8,0.8839,1.0365,40.03333333,-32.522779,-55.765835
343,Guatemala,1.255585194,0.531310618,0.283488393,29,6.453999996,2017,GT,82.2,156.7,144.2,113.6,64.9,25.2,2.9,2.948,1.438,1.05,74.25,15.783471,-90.230759
344,Panama,1.373192549,0.550026834,0.210556939,30,6.452000141,2017,PM,75,127.2,113.6,86.5,43.2,12.7,2.2,2.302,1.1257,1.0449,57.8,8.537981,-80.782127
345,France,1.387776852,0.470222116,0.129762307,31,6.441999912,2017,FR,9.3,60.3,133.9,131.8,62.8,14.8,1,2.0694,1.0105,1.0478,46.66666667,46.227638,2.213749
346,Thailand,1.425792456,0.580200732,0.57212311,32,6.423999786,2017,TH,49.7,105.9,78.2,39.6,19.5,6.6,4.3,1.5194,0.7399,1.0535,37.6,15.870032,100.992541
348,Spain,1.532090902,0.40878123,0.190133572,34,6.402999878,2017,SP,13.4,41.2,72.6,101,58.6,11.4,0.8,1.4957,0.7243,1.065,37.73333333,40.463667,-3.74922
349,Qatar,1.27429688,0.604130983,0.33047387,35,6.375,2017,QA,12.2,82.5,104.8,89.9,60.3,25.6,4.1,1.8965,0.937,1.0241,45.76666667,25.354826,51.183884
350,Colombia,1.402182937,0.477487415,0.149014473,36,6.356999874,2017,CO,44.8,93,117.1,87.7,41.5,13.9,2,2,0.9709,1.06,47.15,4.570868,-74.297333
351,Saudi Arabia,1.286677599,0.449750572,0.147616014,37,6.343999863,2017,SA,2.7,34.8,98.2,104.4,93.5,54.3,31.2,2.0949,1.0219,1.05,53.48333333,23.885942,45.079162
352,Trinidad and Tobago,1.380228519,0.518630743,0.325296462,38,6.168000221,2017,TD,10.3,63.5,118.2,96.1,38.1,13,2.1,1.7064,0.8414,1.0281,37.18333333,10.691803,-61.222503
353,Kuwait,1.259698749,0.496337593,0.228289798,39,6.105000019,2017,KU,14.2,100.9,146.7,117.3,72.3,24,4.2,2.3982,1.1718,1.0465,55.48333333,29.31166,47.481766
354,Slovakia,1.505059242,0.295817465,0.136544481,40,6.09800005,2017,LO,20.3,51.3,92.1,80,31.9,5.9,1.1,1.4115,0.6828,1.0673,31.75,48.669026,19.699024
355,Bahrain,1.323110461,0.536746919,0.172668487,41,6.086999893,2017,BA,13.5,75.7,114.2,86.8,41.9,15.7,2.2,1.7501,0.8632,1.0274,39.3,25.930414,50.637772
356,Malaysia,1.284646034,0.402264982,0.41660893,42,6.084000111,2017,MY,12.8,93,162.8,136.3,69.7,23.2,2.8,2.502,1.209,1.0694,56.3,4.210484,101.975766
357,Nicaragua,1.28721571,0.447551847,0.301674217,43,6.071000099,2017,NU,28.4,79.5,119.9,94.1,41.3,13.2,2,1.892,0.9229,1.05,43.08333333,12.865416,-85.207229
358,Ecuador,1.286168814,0.455198199,0.150112465,44,6.007999897,2017,EC,37.6,99.6,125.7,100.7,50.1,19.6,3.9,2.186,1.0663,1.05,51.91666667,-1.831239,-78.183406
359,El Salvador,1.182125092,0.43245253,0.078257985,45,6.002999783,2017,ES,26.6,77.9,118,93.3,40.5,14.9,2,1.866,0.9102,1.05,42.53333333,13.794185,-88.89653
360,Poland,1.44571197,0.520342112,0.158465967,46,5.97300005,2017,PL,13.3,54.2,92.1,72.1,30.7,6.8,1,1.3486,0.6549,1.0594,29.68333333,51.919438,19.145136
361,Uzbekistan,1.54896915,0.658248663,0.415983647,47,5.971000195,2017,UZ,9.7,74.9,121.5,96,37.6,10.9,5,1.764,0.8563,1.06,39.01666667,41.377491,64.585262
362,Italy,1.444923282,0.256450713,0.172789648,48,5.964000225,2017,IT,7.2,35.7,75.2,96.9,59.4,12.7,0.7,1.4417,0.7002,1.059,35.43333333,41.87194,12.56738
363,Russia,1.469282389,0.373783112,0.052263822,49,5.962999821,2017,RS,26.4,84.4,101.4,70.9,30.4,6.9,0.6,1.6052,0.7792,1.06,36.6,61.52401,105.318756
364,Belize,1.081417799,0.547509372,0.240015641,50,5.955999851,2017,BH,50.7,132.9,163.5,128.1,66.5,25.4,2.9,2.85,1.3903,1.05,67.75,17.189877,-88.49765
365,Japan,1.436337829,0.505625546,0.120572768,51,5.920000076,2017,JA,6.2,43,94.9,92.6,38.8,7.1,0.5,1.4149,0.6882,1.056,31.36666667,36.204824,138.252924
366,Lithuania,1.473516107,0.234231785,0.010164657,52,5.90199995,2017,LH,15.8,60.6,109.9,88.8,37.1,7.2,0.7,1.5931,0.7745,1.057,35.03333333,55.169438,23.881275
367,Algeria,1.146217465,0.233335808,0.069436647,53,5.872000217,2017,AG,16.2,98.6,157.8,140.3,83.4,37.7,7,2.7042,1.3176,1.0524,63.86666667,28.033886,1.659626
368,Latvia,1.404714942,0.325707912,0.153074786,54,5.849999905,2017,LG,13.9,54.5,93,85.5,45.6,11,0.6,1.5142,0.7386,1.05,35.18333333,56.879635,24.603189
370,Moldova,1.251825571,0.240729049,0.208779126,56,5.837999821,2017,MD,27.1,93.2,99.2,62,25.8,5.7,0.5,1.5676,0.7595,1.064,35.71666667,47.411631,28.369885
371,Romania,1.15009129,0.457003742,0.133519918,57,5.824999809,2017,RO,27.8,66.7,85.1,60.3,22.7,5.4,1.3,1.3492,0.655,1.06,30.7,45.943161,24.96676
372,Bolivia,1.227619052,0.558732927,0.225560725,58,5.822999954,2017,BL,42.2,115.1,144.5,117.3,71,29.5,6.3,2.63,1.2829,1.05,63.56666667,-16.290154,-63.588653
373,Turkmenistan,1.493149161,0.418271929,0.249924988,59,5.822000027,2017,TX,15.3,98.9,141.9,100.7,41.3,13.8,2,2.07,1.0098,1.05,45.33333333,38.969719,59.556278
374,Kazakhstan,1.384369016,0.437454283,0.201964423,60,5.818999767,2017,KZ,23.1,119.5,138.8,103.3,50.1,14.3,0.9,2.25,1.1617,0.9368,51.86666667,48.019573,66.923684
376,Slovenia,1.452518821,0.572575808,0.242649093,62,5.757999897,2017,SI,4.3,41,110.2,106.5,44.4,9.1,0.6,1.5764,0.7732,1.0389,34.31666667,46.151241,14.995463
377,Peru,1.218770385,0.450002879,0.126819715,63,5.715000153,2017,PE,34.2,93.6,119.5,101.4,53.8,18.9,3.5,2.124,1.0382,1.0458,50.9,-9.189967,-75.015152
378,Mauritius,1.20956099,0.491247326,0.360933751,64,5.629000187,2017,MP,14.1,71.9,119,93.2,37.4,12.2,1.8,1.748,0.8527,1.05,38.43333333,-20.348404,57.552152
379,Cyprus,1.131363273,0.355111539,0.271254301,65,5.620999813,2017,CY,8.9,50.8,106,86.1,34,7,0.8,1.4678,0.716,1.0499,31.26666667,35.126413,33.429859
380,Estonia,1.4766711,0.47913143,0.098890811,66,5.611000061,2017,EN,14.2,58.6,100.7,88.8,46.2,11.4,1.2,1.5988,0.7807,1.0479,36.73333333,58.595272,25.013607
381,Belarus,1.444945216,0.295400262,0.155137509,67,5.568999767,2017,BO,19.1,82.9,98.9,65,24.9,5.2,0.4,1.4826,0.7197,1.06,32.91666667,53.709807,27.953389
382,Libya,1.35756433,0.46573323,0.152073666,68,5.525000095,2017,LY,8.7,60.2,121.4,114.5,68.1,30,4.7,2.038,0.9941,1.05,47.7,26.3351,17.228331
383,Turkey,1.337753177,0.3007406,0.046693042,69,5.5,2017,TU,24.8,97.9,127.3,96.3,43.4,11.5,1.6,2.014,0.9824,1.05,45.91666667,38.963745,35.243322
384,Paraguay,1.50728488,0.473507792,0.224150658,70,5.493000031,2017,PA,18.1,74.3,126.1,101,41.5,16.1,3.7,1.9037,0.9286,1.05,42.45,-23.442503,-58.443832
386,Philippines,1.253917575,0.585214674,0.193513423,72,5.429999828,2017,RP,48.5,142.8,157.7,128.9,79.7,39.9,6.8,3.022,1.4741,1.05,74.43333333,12.879721,121.774017
387,Serbia,1.258189797,0.208715528,0.220125884,73,5.394999981,2017,RI,22.7,78.7,92.9,64.3,24.4,4,0.3,1.4385,0.6966,1.065,32.4,44.016521,21.005859
388,Jordan,1.239088893,0.418421149,0.17217046,74,5.335999966,2017,JO,23.2,125.6,192.9,165.1,98.1,30.3,2.8,3.19,1.5485,1.06,74.18333333,30.585164,36.238414
389,Hungary,1.343133092,0.175863519,0.078401662,75,5.323999882,2017,HU,18,53.8,94,83.5,32.8,6.4,0.2,1.4459,0.7029,1.057,32.45,47.162494,19.503304
390,Jamaica,1.368218064,0.474307239,0.233818337,76,5.31099987,2017,JM,56.2,96.1,118,77.5,54.2,15.3,2.8,2.1,1.0244,1.05,50.35,18.109581,-77.297508
391,Croatia,0.967983007,0.255772293,0.248002976,77,5.293000221,2017,HR,10.2,45.6,90.5,84.5,37.9,8.3,0.8,1.3967,0.6775,1.0616,31.21666667,45.1,15.2
392,Kosovo,1.137853503,0.260287941,0.319931448,78,5.278999805,2017,KV,10.4,79.9,139.7,113.5,45.9,13.1,1.7,2.0212,0.971,1.0815,44.08333333,42.602636,20.902977
393,China,1.160837412,0.472787708,0.028806841,79,5.272999763,2017,CH,8.9,60.5,111.7,91.3,36.2,10.5,5,1.6,0.7502,1.1328,35.4,35.86166,104.195397
394,Pakistan,0.67269069,0.235215262,0.315446019,80,5.269000053,2017,PK,29.8,110.4,160,127.1,63,26,7.4,2.618,1.2771,1.05,60.61666667,30.375321,69.345116
395,Indonesia,1.274444699,0.443323463,0.611704588,81,5.262000084,2017,ID,29.4,92.8,129.5,100.5,48.4,17.1,3.5,2.106,1.0273,1.05,48.61666667,-0.789275,113.921327
396,Venezuela,1.431337595,0.153997123,0.06501963,82,5.25,2017,VE,80.1,116.5,112.8,88.5,46.8,16.5,2.8,2.32,1.1317,1.05,58.53333333,6.42375,-66.58973
397,Montenegro,1.238376498,0.194989055,0.197911024,83,5.236999989,2017,MJ,10.1,64.7,122.2,105.3,51.1,11,1,1.8312,0.8997,1.0353,40.53333333,42.708678,19.37439
398,Morocco,0.774864435,0.408158332,0.032209955,84,5.235000134,2017,MO,20.9,82.6,126.4,109.2,56.6,22.3,3.3,2.106,1.0273,1.05,49.15,31.791702,-7.09262
399,Azerbaijan,1.152400255,0.398155838,0.04526934,85,5.234000206,2017,AJ,35.7,130.9,116.1,63.6,24.8,6.7,0.9,1.894,0.9059,1.0908,43.76666667,40.143105,47.576927
400,Dominican Republic,1.402416706,0.552589834,0.18696785,86,5.230000019,2017,DR,71.3,130.4,121.1,83.7,39.5,11.5,1.2,2.294,1.1245,1.04,56.26666667,18.735693,-70.162651
401,Greece,1.239414573,0.095731251,0,87,5.227000237,2017,GR,10.3,55.6,99,80.3,31,7.1,2.3,1.4317,0.6937,1.064,31.1,39.074208,21.824312
402,Lebanon,1.129624248,0.288515985,0.264450759,88,5.224999905,2017,LE,10.7,64.6,118.6,96.2,38.8,13.4,2.2,1.722,0.84,1.05,37.65,33.854721,35.862285
403,Portugal,1.367043018,0.4984653,0.095102713,89,5.195000172,2017,PO,16.2,44.9,83.4,86.5,37.7,4.6,0.2,1.3767,0.6725,1.0473,31.68333333,39.399872,-8.224454
404,Bosnia and Herzegovina,1.069335938,0.204403177,0.328867495,90,5.18200016,2017,BK,15,63.4,90.8,62.4,22.2,5,1.2,1.2968,0.6259,1.072,28.2,43.915886,17.679076
405,Honduras,1.143944979,0.34807986,0.236188874,91,5.181000233,2017,HO,47.6,116.6,145.4,117.7,69,32.4,5,2.668,1.3015,1.05,64.71666667,15.199999,-86.241905
406,Macedonia,1.207893014,0.325905979,0.253760964,92,5.175000191,2017,MK,14.2,62.8,100.7,80.2,31.5,5.5,0.6,1.4805,0.7166,1.066,32.46666667,41.6086,21.7453
407,Somalia,0.721151352,0.602126956,0.291631311,93,5.151000023,2017,SO,77.1,241.3,274.5,239.4,188.7,92.9,45.8,5.798,2.8562,1.03,147.5333333,5.152149,46.199616
408,Vietnam,1.277491331,0.571055591,0.234968051,94,5.073999882,2017,VM,17.4,78.8,126,90.8,34.8,11.6,1.7,1.806,0.86,1.1,39.18333333,14.058324,108.277199
409,Nigeria,1.215770483,0.394952565,0.230947196,95,5.073999882,2017,NI,103.9,205.9,248.3,207,137.5,62,19.1,4.918,2.3874,1.06,122.5666667,9.081999,8.675277
410,Tajikistan,1.271463275,0.471566707,0.248997644,96,5.040999889,2017,TI,30.3,150.8,156.4,118.1,52.2,15.8,2.4,2.63,1.2829,1.05,61.6,38.861034,71.276093
411,Bhutan,1.340126514,0.501537681,0.474054545,97,5.011000156,2017,BT,15.4,79.4,125.5,97,42.2,16.9,3.6,1.9,0.9268,1.05,42.41666667,27.514162,90.433601
412,Kyrgyzstan,1.394238591,0.454943389,0.428580374,98,5.004000187,2017,KG,26,152,151.7,112.2,59.2,18.6,2.8,2.612,1.2637,1.067,61.8,41.20438,74.766098
413,Nepal,1.179283261,0.440305948,0.394096166,99,4.961999893,2017,NP,39.2,107.1,126.6,91.1,41.4,16.1,2.9,2.122,1.0301,1.06,49.63333333,28.394857,84.124008
414,Mongolia,1.493011236,0.394143969,0.33846423,100,4.954999924,2017,MG,16.1,110.5,126.3,90.8,54.7,16.3,2.3,2.085,1.0171,1.05,48.45,46.862496,103.846656
415,South Africa,1.384788632,0.479246736,0.13936238,101,4.828999996,2017,SF,40.9,102.3,120.8,101.6,60.5,24.9,6.2,2.286,1.1317,1.02,56.06666667,-30.559482,22.937506
416,Tunisia,0.86835146,0.28968069,0.049693357,102,4.804999828,2017,TS,8,59.2,137.1,126.6,87.9,25,2.1,2.23,1.0804,1.064,51.46666667,33.886917,9.537499
418,Egypt,0.997471392,0.282110155,0.128631443,104,4.735000134,2017,EG,57.4,207.3,204.9,135.7,68.2,17.8,3.1,3.4723,1.6821,1.0643,81.58333333,26.820553,30.802498
419,Bulgaria,1.434379458,0.289231718,0.113177694,105,4.714000225,2017,BU,37.9,71,86.8,63.9,26.8,5.4,0.9,1.4645,0.7102,1.062,34.31666667,42.733883,25.48583
420,Sierra Leone,0.984136045,0.318697691,0.293040901,106,4.709000111,2017,SL,130.6,203.8,205.4,176.4,132.8,64.4,32.2,4.728,2.3291,1.03,123.3666667,8.460555,-11.779889
421,Cameroon,0.946018219,0.430388749,0.236298457,107,4.695000172,2017,CM,108,207.9,226.5,186.2,124.7,60.2,14.5,4.64,2.2857,1.03,116.9166667,7.369722,12.354722
422,Iran,0.711551249,0.249322608,0.387242913,108,4.691999912,2017,IR,33.5,92.9,109.8,91.4,50.8,13.5,1.2,1.9656,0.9588,1.05,47.21666667,32.427908,53.688046
423,Albania,0.803685248,0.381498635,0.201312944,109,4.644000053,2017,AL,10.9,73.9,105.7,72.9,30.6,7.4,1,1.5122,0.7229,1.092,32.78333333,41.153332,20.168331
424,Bangladesh,0.735131741,0.478356659,0.172255352,110,4.607999802,2017,BG,48.6,97.9,128.7,97.7,42.9,15.9,2.3,2.17,1.0637,1.04,50.88333333,23.684994,90.356331
425,Namibia,1.098470807,0.520303547,0.077133745,111,4.573999882,2017,WA,68.7,148.6,158.8,139.2,96.7,36.6,8.5,3.2856,1.6185,1.03,83.05,-22.95764,18.49041
426,Kenya,1.067950726,0.452763766,0.444860309,112,4.552999973,2017,KE,50.1,133.9,165.5,135.7,72.3,30.1,7.5,2.9757,1.4731,1.02,71.6,-0.023559,37.906193
427,Mozambique,0.870701015,0.480791092,0.322228104,113,4.550000191,2017,MZ,104.5,205,217.8,195.1,151.7,89,53.6,5.084,2.5206,1.017,133.15,-18.665695,35.529562
429,Senegal,1.179691911,0.377922267,0.183468893,115,4.534999847,2017,SG,73.5,166.1,208.8,189.5,134.4,68.6,15.1,4.28,2.1084,1.03,107.8666667,14.497401,-14.452362
430,Zambia,1.003187299,0.461603492,0.249580145,116,4.513999939,2017,ZA,114.6,259.6,258,220.6,167.8,81.9,23.1,5.628,2.7724,1.03,144.6,-13.133897,27.849332
431,Iraq,0.978613198,0.288555533,0.199637264,117,4.497000217,2017,IZ,67.9,187.5,213.6,172.2,112,40.9,6,4,1.9512,1.05,97.75,33.223191,43.679291
432,Gabon,1.155620217,0.312328577,0.043785378,118,4.465000153,2017,GB,91,146.4,171.8,152.9,98.8,46.5,6.7,3.57,1.7586,1.03,90.38333333,-0.803689,11.609444
433,Ethiopia,0.864669204,0.408842742,0.31265074,119,4.460000038,2017,ET,91.9,206.1,236.9,201.6,149.5,87.5,24.6,4.99,2.4581,1.03,126.8666667,9.145,40.489673
434,Sri Lanka,1.259976387,0.561213255,0.490863562,120,4.440000057,2017,CE,15.9,86.3,136.2,107.8,49.2,15.8,2.4,2.0673,1.0134,1.04,46.23333333,7.873054,80.771797
435,Armenia,1.007483721,0.198303267,0.083488092,121,4.375999928,2017,AM,23.6,120.9,100.8,54.6,21.1,6.8,0.5,1.6413,0.7754,1.1166,37.91666667,40.069099,45.038189
436,India,0.754372597,0.469987005,0.231538489,122,4.315000057,2017,IN,33.6,160.3,151.5,84.7,36.5,14.3,4.7,2.428,1.1474,1.116,55.68333333,20.593684,78.96288
437,Mauritania,1.27203083,0.096098043,0.201870024,123,4.291999817,2017,MR,66,141.6,177.4,167.5,117.1,71.3,31.2,3.86,1.9015,1.03,99.11666667,21.00789,-10.940835
438,Congo (Brazzaville),0.832044363,0.435025871,0.120852128,124,4.290999889,2017,CF,131.7,196.3,207.8,185.8,134.9,51.2,10,4.588,2.2601,1.03,118.3166667,0.228,15.8277
439,Georgia,0.570614934,0.309410036,0.054008815,125,4.285999775,2017,GG,36.6,104.4,101.1,70.3,30.4,8.2,0.9,1.7603,0.8518,1.0667,41.8,42.315407,43.356892
440,Congo (Kinshasa),1.229023457,0.235961348,0.246455833,126,4.28000021,2017,CG,74.6,174.6,209.6,200,129,71.7,18.9,4.392,2.1635,1.03,111.4666667,4.0383,21.7587
441,Mali,1.281473398,0.306613743,0.183354199,127,4.190000057,2017,ML,162.7,262.3,262.3,226.4,179.5,81,27.1,6.0063,2.9588,1.03,156.5,17.570692,-3.996166
443,Cambodia,1.006238341,0.633375823,0.385922968,129,4.168000221,2017,CB,27.7,116.6,147.7,118,63.4,26.4,3.4,2.516,1.2303,1.045,59.25,12.565679,104.990963
444,Sudan,1.21400857,0.014995855,0.182317451,130,4.138999939,2017,SU,81.4,196.5,248.8,216.6,151.1,66.8,21.5,4.9133,2.3967,1.05,122.3166667,12.862807,30.217636
445,Ghana,0.873664737,0.423026294,0.256923944,131,4.119999886,2017,GH,66.2,160.6,197.7,175.1,116,70.3,13.2,3.995,1.968,1.03,100.2333333,7.946527,-1.023194
446,Ukraine,1.394537568,0.122974776,0.270061463,132,4.096000195,2017,UP,28.8,93.7,93.5,61.3,26.4,5,0.3,1.5443,0.7482,1.064,35.91666667,48.379433,31.16558
447,Uganda,1.129827738,0.443185955,0.325766057,133,4.080999851,2017,UG,136.2,260,266.2,228.5,160,88.3,2.8,5.71,2.8128,1.03,145.9666667,1.373333,32.290275
448,Burkina Faso,1.043280005,0.324367851,0.250864685,134,4.032000065,2017,UV,114,216.4,233.9,194.9,130.9,71.8,18.2,4.9,2.4138,1.03,124.3666667,12.238333,-1.561593
449,Niger,0.993025005,0.363658696,0.228673846,135,4.027999878,2017,NG,179.4,273.3,280.6,247.2,178.3,105.3,33,6.4855,3.1948,1.03,169.4166667,17.607789,8.081666
450,Malawi,0.512568831,0.466914654,0.28717047,136,3.970000029,2017,MI,141.9,260,243.4,196.1,143,78.9,33.8,5.4857,2.7224,1.015,142.2833333,-13.254308,34.301525
451,Chad,0.953855872,0.162342027,0.21611385,137,3.936000109,2017,CD,163.3,269.9,277.7,239.4,158.7,70.2,22.9,6.01,2.9461,1.04,154.0666667,15.454166,18.732207
452,Zimbabwe,1.083095908,0.336384207,0.189143494,138,3.875,2017,ZI,108.4,201.8,199.7,146.2,101,33.7,5.9,3.984,1.9626,1.03,99.5,-19.015438,29.154857
453,Lesotho,1.190095186,0.390661299,0.157497272,139,3.808000088,2017,LT,26.9,110.6,146.1,121.5,72.5,37.1,11.7,2.6321,1.2966,1.03,63.38333333,-29.609988,28.233608
454,Angola,1.10441196,0,0.09792649,140,3.795000076,2017,AO,160.1,258.4,276.4,244.1,183.8,88.7,20.7,6.1609,3.0349,1.03,159.3,-11.202692,17.873887
455,Afghanistan,0.581543326,0.10617952,0.311870933,141,3.79399991,2017,AF,79.2,204.8,252.4,211.4,148.9,83.7,43.7,5.12,2.4976,1.05,128.6166667,33.93911,67.709953
456,Botswana,1.221554995,0.505196333,0.099348448,142,3.766000032,2017,BC,30.9,117,131.7,111.1,75.4,36,10.6,2.564,1.2631,1.03,63.5,-22.328474,24.684866
457,Benin,0.435299844,0.425962776,0.207948461,143,3.657000065,2017,BN,88.3,204.9,234.5,200,132,70.5,23.1,4.766,2.3249,1.05,119.8,9.30769,2.315834
458,Madagascar,0.913020372,0.189196765,0.20873253,144,3.644000053,2017,MA,93,179.6,193.1,164.5,105.8,58.4,12,4.032,1.9862,1.03,102.2166667,-18.766947,46.869107
459,Haiti,0.640449822,0.030369857,0.489203781,145,3.602999926,2017,HA,37.4,108,140.5,127.1,81.7,41.2,8.9,2.724,1.3546,1.011,67.38333333,18.971187,-72.285215
460,Yemen,0.935382247,0.249463722,0.104125209,146,3.592999935,2017,YM,47.6,144.8,192.9,167.5,102.6,48.1,21.7,3.626,1.7688,1.05,88.71666667,15.552727,48.516388
461,South Sudan,0.601323128,0.147062436,0.285670817,147,3.59100008,2017,OD,76.4,235.4,231.7,219.3,142.2,115.5,47.5,5.34,2.6049,1.05,139.3833333,6.877,31.307
462,Liberia,0.872117937,0.332881182,0.266549885,148,3.532999992,2017,LI,139.8,218.1,215.9,192.6,140.3,83.9,20.6,5.056,2.4906,1.03,132.55,6.428055,-9.429499
463,Guinea,0.791244686,0.348587513,0.264815092,149,3.506999969,2017,GV,142.6,203.4,221.3,195.4,136.5,71.5,31.2,5.01,2.468,1.03,130.1,9.945587,-9.696645
464,Togo,0.43188253,0.380426139,0.196896151,150,3.494999886,2017,TO,67.1,179.4,214.4,181.5,134.8,70.8,27.3,4.376,2.1557,1.03,110.15,8.619543,0.824782
465,Rwanda,0.945707023,0.581843853,0.252756029,151,3.470999956,2017,RW,33.3,154.7,203.6,176.5,126.5,68.3,10.7,3.868,1.9054,1.03,95,-1.940278,29.873888
466,Syria,0.396102607,0.081539445,0.493663728,152,3.461999893,2017,SY,25.4,95.5,150.8,124.4,68.2,29.4,5.5,2.496,1.2117,1.06,58.06666667,34.802075,38.996815
467,Tanzania,1.041989803,0.390017778,0.354256362,153,3.348999977,2017,TZ,97.1,224.9,225.7,187.2,139.1,61.5,18.4,4.77,2.3498,1.03,121.3666667,-6.369028,34.888822
468,Burundi,0.629793584,0.059900753,0.204435185,154,2.904999971,2017,BY,60.3,262.4,286.3,254.3,209.1,96.2,28.5,5.986,2.9488,1.03,151.8,-3.373056,29.918886
469,Central African Republic,0,0.270842046,0.280876487,155,2.693000078,2017,CT,118.6,195.9,208.3,172.5,98.8,48.7,17.7,4.302,2.1192,1.03,108.7,6.611111,20.939444
